insert into organization (id, name) values (1, 'Org1');
insert into organization (id, name) values (2, 'Org2');
insert into organization (id, name) values (3, 'Org3');
insert into organization (id, name) values (4, 'Org4');
insert into organization (id, name) values (5, 'Org5');
insert into department (id, name, organization_id) values (1, 'dep1', 1);
insert into department (id, name, organization_id) values (2, 'dep2', 1);
insert into department (id, name, organization_id) values (3, 'dep3', 1);
insert into department (id, name, organization_id) values (4, 'dep4', 2);
insert into department (id, name, organization_id) values (5, 'dep5', 2);
insert into department (id, name, organization_id) values (6, 'dep6', 3);
insert into department (id, name, organization_id) values (7, 'dep7', 4);
insert into department (id, name, organization_id) values (8, 'dep8', 5);
insert into department (id, name, organization_id) values (9, 'dep9', 5);
insert into employee (id, first_name, last_name, position, salary, age, department_id, organization_id) values (1, 'John', 'Smith', 'Developer', 10000, 30, 1, 1);
insert into employee (id, first_name, last_name, position, salary, age, department_id, organization_id) values (2, 'Adam', 'Hamilton', 'Developer', 12000, 35, 1, 1);
insert into employee (id, first_name, last_name, position, salary, age, department_id, organization_id) values (3, 'Tracy', 'Smith', 'Architect', 15000, 40, 1, 1);
insert into employee (id, first_name, last_name, position, salary, age, department_id, organization_id) values (4, 'Lucy', 'Kim', 'Developer', 13000, 25, 2, 1);
insert into employee (id, first_name, last_name, position, salary, age, department_id, organization_id) values (5, 'Peter', 'Wright', 'Director', 50000, 50, 4, 2);
insert into employee (id, first_name, last_name, position, salary, age, department_id, organization_id) values (6, 'Alan', 'Murray', 'Developer', 20000, 37, 4, 2);
insert into employee (id, first_name, last_name, position, salary, age, department_id, organization_id) values (7, 'Pamela', 'Anderson', 'Analyst', 7000, 27, 4, 2);